{"cameraMode":{"drawMode":0,"name":"Shaded","section":"Shading Mode"},"sceneLighting":true,"audioPlay":false,"sceneViewState":{"m_AlwaysRefresh":false,"showFog":true,"showSkybox":true,"showFlares":true,"showImageEffects":true,"showParticleSystems":true,"showVisualEffectGraphs":true,"m_FxEnabled":true},"in2DMode":false,"pivot":{"x":-11.58056926727295,"y":1.095020055770874,"z":0.49883317947387698},"rotation":{"x":0.09302359074354172,"y":0.5088955760002136,"z":-0.055433861911296847,"w":0.8539978265762329},"size":9.329180717468262,"orthographic":true}